C:\Users\ImanG\Desktop\Ali\Courses\selfdriving\behavioral cloning\data\IMG\center_2019_05_29_18_45_50_772.jpg, C:\Users\ImanG\Desktop\Ali\Courses\selfdriving\behavioral cloning\data\IMG\left_2019_05_29_18_45_50_772.jpg, C:\Users\ImanG\Desktop\Ali\Courses\selfdriving\behavioral cloning\data\IMG\right_2019_05_29_18_45_50_772.jpg, 0, 0, 0, 26.89097
C:\Users\ImanG\Desktop\Ali\Courses\selfdriving\behavioral cloning\data\IMG\center_2019_05_29_18_45_50_880.jpg, C:\Users\ImanG\Desktop\Ali\Courses\selfdriving\behavioral cloning\data\IMG\left_2019_05_29_18_45_50_880.jpg, C:\Users\ImanG\Desktop\Ali\Courses\selfdriving\behavioral cloning\data\IMG\right_2019_05_29_18_45_50_880.jpg, 0, 0, 0, 26.62087
C:\Users\ImanG\Desktop\Ali\Courses\selfdriving\behavioral cloning\data\IMG\center_2019_05_29_18_45_51_058.jpg, C:\Users\ImanG\Desktop\Ali\Courses\selfdriving\behavioral cloning\data\IMG\left_2019_05_29_18_45_51_058.jpg, C:\Users\ImanG\Desktop\Ali\Courses\selfdriving\behavioral cloning\data\IMG\right_2019_05_29_18_45_51_058.jpg, -0.5204514, 0.5204514, 0, 26.77207
C:\Users\ImanG\Desktop\Ali\Courses\selfdriving\behavioral cloning\data\IMG\center_2019_05_29_18_45_51_173.jpg, C:\Users\ImanG\Desktop\Ali\Courses\selfdriving\behavioral cloning\data\IMG\left_2019_05_29_18_45_51_173.jpg, C:\Users\ImanG\Desktop\Ali\Courses\selfdriving\behavioral cloning\data\IMG\right_2019_05_29_18_45_51_173.jpg, -0.1610805, 0.8798223, 0, 27.54896
C:\Users\ImanG\Desktop\Ali\Courses\selfdriving\behavioral cloning\data\IMG\center_2019_05_29_18_45_51_315.jpg, C:\Users\ImanG\Desktop\Ali\Courses\selfdriving\behavioral cloning\data\IMG\left_2019_05_29_18_45_51_315.jpg, C:\Users\ImanG\Desktop\Ali\Courses\selfdriving\behavioral cloning\data\IMG\right_2019_05_29_18_45_51_315.jpg, 0, 1, 0, 28.80445
C:\Users\ImanG\Desktop\Ali\Courses\selfdriving\behavioral cloning\data\IMG\center_2019_05_29_18_45_51_430.jpg, C:\Users\ImanG\Desktop\Ali\Courses\selfdriving\behavioral cloning\data\IMG\left_2019_05_29_18_45_51_430.jpg, C:\Users\ImanG\Desktop\Ali\Courses\selfdriving\behavioral cloning\data\IMG\right_2019_05_29_18_45_51_430.jpg, 0, 1, 0, 29.90434
C:\Users\ImanG\Desktop\Ali\Courses\selfdriving\behavioral cloning\data\IMG\center_2019_05_29_18_45_51_549.jpg, C:\Users\ImanG\Desktop\Ali\Courses\selfdriving\behavioral cloning\data\IMG\left_2019_05_29_18_45_51_549.jpg, C:\Users\ImanG\Desktop\Ali\Courses\selfdriving\behavioral cloning\data\IMG\right_2019_05_29_18_45_51_549.jpg, 0, 1, 0, 30.19004
C:\Users\ImanG\Desktop\Ali\Courses\selfdriving\behavioral cloning\data\IMG\center_2019_05_29_18_45_51_651.jpg, C:\Users\ImanG\Desktop\Ali\Courses\selfdriving\behavioral cloning\data\IMG\left_2019_05_29_18_45_51_651.jpg, C:\Users\ImanG\Desktop\Ali\Courses\selfdriving\behavioral cloning\data\IMG\right_2019_05_29_18_45_51_651.jpg, 0, 1, 0, 30.19031
C:\Users\ImanG\Desktop\Ali\Courses\selfdriving\behavioral cloning\data\IMG\center_2019_05_29_18_45_51_768.jpg, C:\Users\ImanG\Desktop\Ali\Courses\selfdriving\behavioral cloning\data\IMG\left_2019_05_29_18_45_51_768.jpg, C:\Users\ImanG\Desktop\Ali\Courses\selfdriving\behavioral cloning\data\IMG\right_2019_05_29_18_45_51_768.jpg, 0, 1, 0, 30.19027
C:\Users\ImanG\Desktop\Ali\Courses\selfdriving\behavioral cloning\data\IMG\center_2019_05_29_18_45_51_897.jpg, C:\Users\ImanG\Desktop\Ali\Courses\selfdriving\behavioral cloning\data\IMG\left_2019_05_29_18_45_51_897.jpg, C:\Users\ImanG\Desktop\Ali\Courses\selfdriving\behavioral cloning\data\IMG\right_2019_05_29_18_45_51_897.jpg, -0.3889416, 1, 0, 30.15872
C:\Users\ImanG\Desktop\Ali\Courses\selfdriving\behavioral cloning\data\IMG\center_2019_05_29_18_45_52_001.jpg, C:\Users\ImanG\Desktop\Ali\Courses\selfdriving\behavioral cloning\data\IMG\left_2019_05_29_18_45_52_001.jpg, C:\Users\ImanG\Desktop\Ali\Courses\selfdriving\behavioral cloning\data\IMG\right_2019_05_29_18_45_52_001.jpg, -0.08081791, 1, 0, 30.1909
C:\Users\ImanG\Desktop\Ali\Courses\selfdriving\behavioral cloning\data\IMG\center_2019_05_29_18_45_52_141.jpg, C:\Users\ImanG\Desktop\Ali\Courses\selfdriving\behavioral cloning\data\IMG\left_2019_05_29_18_45_52_141.jpg, C:\Users\ImanG\Desktop\Ali\Courses\selfdriving\behavioral cloning\data\IMG\right_2019_05_29_18_45_52_141.jpg, 0, 1, 0, 30.19016
C:\Users\ImanG\Desktop\Ali\Courses\selfdriving\behavioral cloning\data\IMG\center_2019_05_29_18_45_52_262.jpg, C:\Users\ImanG\Desktop\Ali\Courses\selfdriving\behavioral cloning\data\IMG\left_2019_05_29_18_45_52_262.jpg, C:\Users\ImanG\Desktop\Ali\Courses\selfdriving\behavioral cloning\data\IMG\right_2019_05_29_18_45_52_262.jpg, 0, 1, 0, 30.19031
C:\Users\ImanG\Desktop\Ali\Courses\selfdriving\behavioral cloning\data\IMG\center_2019_05_29_18_45_52_362.jpg, C:\Users\ImanG\Desktop\Ali\Courses\selfdriving\behavioral cloning\data\IMG\left_2019_05_29_18_45_52_362.jpg, C:\Users\ImanG\Desktop\Ali\Courses\selfdriving\behavioral cloning\data\IMG\right_2019_05_29_18_45_52_362.jpg, 0, 1, 0, 30.18976
C:\Users\ImanG\Desktop\Ali\Courses\selfdriving\behavioral cloning\data\IMG\center_2019_05_29_18_45_52_463.jpg, C:\Users\ImanG\Desktop\Ali\Courses\selfdriving\behavioral cloning\data\IMG\left_2019_05_29_18_45_52_463.jpg, C:\Users\ImanG\Desktop\Ali\Courses\selfdriving\behavioral cloning\data\IMG\right_2019_05_29_18_45_52_463.jpg, 0, 1, 0, 30.19029
C:\Users\ImanG\Desktop\Ali\Courses\selfdriving\behavioral cloning\data\IMG\center_2019_05_29_18_45_52_563.jpg, C:\Users\ImanG\Desktop\Ali\Courses\selfdriving\behavioral cloning\data\IMG\left_2019_05_29_18_45_52_563.jpg, C:\Users\ImanG\Desktop\Ali\Courses\selfdriving\behavioral cloning\data\IMG\right_2019_05_29_18_45_52_563.jpg, 0, 1, 0, 30.19071
C:\Users\ImanG\Desktop\Ali\Courses\selfdriving\behavioral cloning\data\IMG\center_2019_05_29_18_45_52_692.jpg, C:\Users\ImanG\Desktop\Ali\Courses\selfdriving\behavioral cloning\data\IMG\left_2019_05_29_18_45_52_692.jpg, C:\Users\ImanG\Desktop\Ali\Courses\selfdriving\behavioral cloning\data\IMG\right_2019_05_29_18_45_52_692.jpg, 0, 1, 0, 30.1903
C:\Users\ImanG\Desktop\Ali\Courses\selfdriving\behavioral cloning\data\IMG\center_2019_05_29_18_45_52_859.jpg, C:\Users\ImanG\Desktop\Ali\Courses\selfdriving\behavioral cloning\data\IMG\left_2019_05_29_18_45_52_859.jpg, C:\Users\ImanG\Desktop\Ali\Courses\selfdriving\behavioral cloning\data\IMG\right_2019_05_29_18_45_52_859.jpg, 0, 1, 0, 30.19032
C:\Users\ImanG\Desktop\Ali\Courses\selfdriving\behavioral cloning\data\IMG\center_2019_05_29_18_45_52_996.jpg, C:\Users\ImanG\Desktop\Ali\Courses\selfdriving\behavioral cloning\data\IMG\left_2019_05_29_18_45_52_996.jpg, C:\Users\ImanG\Desktop\Ali\Courses\selfdriving\behavioral cloning\data\IMG\right_2019_05_29_18_45_52_996.jpg, -0.4145223, 1, 0, 30.166
C:\Users\ImanG\Desktop\Ali\Courses\selfdriving\behavioral cloning\data\IMG\center_2019_05_29_18_45_53_097.jpg, C:\Users\ImanG\Desktop\Ali\Courses\selfdriving\behavioral cloning\data\IMG\left_2019_05_29_18_45_53_097.jpg, C:\Users\ImanG\Desktop\Ali\Courses\selfdriving\behavioral cloning\data\IMG\right_2019_05_29_18_45_53_097.jpg, -0.1042335, 1, 0, 30.19139
C:\Users\ImanG\Desktop\Ali\Courses\selfdriving\behavioral cloning\data\IMG\center_2019_05_29_18_45_53_208.jpg, C:\Users\ImanG\Desktop\Ali\Courses\selfdriving\behavioral cloning\data\IMG\left_2019_05_29_18_45_53_208.jpg, C:\Users\ImanG\Desktop\Ali\Courses\selfdriving\behavioral cloning\data\IMG\right_2019_05_29_18_45_53_208.jpg, 0, 1, 0, 30.18986
C:\Users\ImanG\Desktop\Ali\Courses\selfdriving\behavioral cloning\data\IMG\center_2019_05_29_18_45_53_356.jpg, C:\Users\ImanG\Desktop\Ali\Courses\selfdriving\behavioral cloning\data\IMG\left_2019_05_29_18_45_53_356.jpg, C:\Users\ImanG\Desktop\Ali\Courses\selfdriving\behavioral cloning\data\IMG\right_2019_05_29_18_45_53_356.jpg, 0, 1, 0, 30.18993
C:\Users\ImanG\Desktop\Ali\Courses\selfdriving\behavioral cloning\data\IMG\center_2019_05_29_18_45_53_475.jpg, C:\Users\ImanG\Desktop\Ali\Courses\selfdriving\behavioral cloning\data\IMG\left_2019_05_29_18_45_53_475.jpg, C:\Users\ImanG\Desktop\Ali\Courses\selfdriving\behavioral cloning\data\IMG\right_2019_05_29_18_45_53_475.jpg, 0, 1, 0, 30.18985
C:\Users\ImanG\Desktop\Ali\Courses\selfdriving\behavioral cloning\data\IMG\center_2019_05_29_18_45_53_602.jpg, C:\Users\ImanG\Desktop\Ali\Courses\selfdriving\behavioral cloning\data\IMG\left_2019_05_29_18_45_53_602.jpg, C:\Users\ImanG\Desktop\Ali\Courses\selfdriving\behavioral cloning\data\IMG\right_2019_05_29_18_45_53_602.jpg, 0, 1, 0, 30.18997
C:\Users\ImanG\Desktop\Ali\Courses\selfdriving\behavioral cloning\data\IMG\center_2019_05_29_18_45_53_706.jpg, C:\Users\ImanG\Desktop\Ali\Courses\selfdriving\behavioral cloning\data\IMG\left_2019_05_29_18_45_53_706.jpg, C:\Users\ImanG\Desktop\Ali\Courses\selfdriving\behavioral cloning\data\IMG\right_2019_05_29_18_45_53_706.jpg, 0, 1, 0, 30.19048
C:\Users\ImanG\Desktop\Ali\Courses\selfdriving\behavioral cloning\data\IMG\center_2019_05_29_18_45_53_816.jpg, C:\Users\ImanG\Desktop\Ali\Courses\selfdriving\behavioral cloning\data\IMG\left_2019_05_29_18_45_53_816.jpg, C:\Users\ImanG\Desktop\Ali\Courses\selfdriving\behavioral cloning\data\IMG\right_2019_05_29_18_45_53_816.jpg, 0, 1, 0, 30.19011
C:\Users\ImanG\Desktop\Ali\Courses\selfdriving\behavioral cloning\data\IMG\center_2019_05_29_18_45_53_928.jpg, C:\Users\ImanG\Desktop\Ali\Courses\selfdriving\behavioral cloning\data\IMG\left_2019_05_29_18_45_53_928.jpg, C:\Users\ImanG\Desktop\Ali\Courses\selfdriving\behavioral cloning\data\IMG\right_2019_05_29_18_45_53_928.jpg, 0, 1, 0, 30.19008
C:\Users\ImanG\Desktop\Ali\Courses\selfdriving\behavioral cloning\data\IMG\center_2019_05_29_18_45_54_109.jpg, C:\Users\ImanG\Desktop\Ali\Courses\selfdriving\behavioral cloning\data\IMG\left_2019_05_29_18_45_54_109.jpg, C:\Users\ImanG\Desktop\Ali\Courses\selfdriving\behavioral cloning\data\IMG\right_2019_05_29_18_45_54_109.jpg, 0, 1, 0, 30.1901
C:\Users\ImanG\Desktop\Ali\Courses\selfdriving\behavioral cloning\data\IMG\center_2019_05_29_18_45_54_219.jpg, C:\Users\ImanG\Desktop\Ali\Courses\selfdriving\behavioral cloning\data\IMG\left_2019_05_29_18_45_54_219.jpg, C:\Users\ImanG\Desktop\Ali\Courses\selfdriving\behavioral cloning\data\IMG\right_2019_05_29_18_45_54_219.jpg, 0, 1, 0, 30.19011
C:\Users\ImanG\Desktop\Ali\Courses\selfdriving\behavioral cloning\data\IMG\center_2019_05_29_18_45_54_342.jpg, C:\Users\ImanG\Desktop\Ali\Courses\selfdriving\behavioral cloning\data\IMG\left_2019_05_29_18_45_54_342.jpg, C:\Users\ImanG\Desktop\Ali\Courses\selfdriving\behavioral cloning\data\IMG\right_2019_05_29_18_45_54_342.jpg, 0, 1, 0, 30.19011
C:\Users\ImanG\Desktop\Ali\Courses\selfdriving\behavioral cloning\data\IMG\center_2019_05_29_18_45_54_470.jpg, C:\Users\ImanG\Desktop\Ali\Courses\selfdriving\behavioral cloning\data\IMG\left_2019_05_29_18_45_54_470.jpg, C:\Users\ImanG\Desktop\Ali\Courses\selfdriving\behavioral cloning\data\IMG\right_2019_05_29_18_45_54_470.jpg, 0, 1, 0, 30.19012
C:\Users\ImanG\Desktop\Ali\Courses\selfdriving\behavioral cloning\data\IMG\center_2019_05_29_18_45_54_616.jpg, C:\Users\ImanG\Desktop\Ali\Courses\selfdriving\behavioral cloning\data\IMG\left_2019_05_29_18_45_54_616.jpg, C:\Users\ImanG\Desktop\Ali\Courses\selfdriving\behavioral cloning\data\IMG\right_2019_05_29_18_45_54_616.jpg, 0, 1, 0, 30.19044
C:\Users\ImanG\Desktop\Ali\Courses\selfdriving\behavioral cloning\data\IMG\center_2019_05_29_18_45_54_727.jpg, C:\Users\ImanG\Desktop\Ali\Courses\selfdriving\behavioral cloning\data\IMG\left_2019_05_29_18_45_54_727.jpg, C:\Users\ImanG\Desktop\Ali\Courses\selfdriving\behavioral cloning\data\IMG\right_2019_05_29_18_45_54_727.jpg, 0, 1, 0, 30.18874
C:\Users\ImanG\Desktop\Ali\Courses\selfdriving\behavioral cloning\data\IMG\center_2019_05_29_18_45_54_894.jpg, C:\Users\ImanG\Desktop\Ali\Courses\selfdriving\behavioral cloning\data\IMG\left_2019_05_29_18_45_54_894.jpg, C:\Users\ImanG\Desktop\Ali\Courses\selfdriving\behavioral cloning\data\IMG\right_2019_05_29_18_45_54_894.jpg, 0, 1, 0, 30.19049
C:\Users\ImanG\Desktop\Ali\Courses\selfdriving\behavioral cloning\data\IMG\center_2019_05_29_18_45_55_000.jpg, C:\Users\ImanG\Desktop\Ali\Courses\selfdriving\behavioral cloning\data\IMG\left_2019_05_29_18_45_55_000.jpg, C:\Users\ImanG\Desktop\Ali\Courses\selfdriving\behavioral cloning\data\IMG\right_2019_05_29_18_45_55_000.jpg, 0, 1, 0, 30.19046
C:\Users\ImanG\Desktop\Ali\Courses\selfdriving\behavioral cloning\data\IMG\center_2019_05_29_18_45_55_120.jpg, C:\Users\ImanG\Desktop\Ali\Courses\selfdriving\behavioral cloning\data\IMG\left_2019_05_29_18_45_55_120.jpg, C:\Users\ImanG\Desktop\Ali\Courses\selfdriving\behavioral cloning\data\IMG\right_2019_05_29_18_45_55_120.jpg, -0.1244295, 1, 0, 30.18611
C:\Users\ImanG\Desktop\Ali\Courses\selfdriving\behavioral cloning\data\IMG\center_2019_05_29_18_45_55_239.jpg, C:\Users\ImanG\Desktop\Ali\Courses\selfdriving\behavioral cloning\data\IMG\left_2019_05_29_18_45_55_239.jpg, C:\Users\ImanG\Desktop\Ali\Courses\selfdriving\behavioral cloning\data\IMG\right_2019_05_29_18_45_55_239.jpg, 0, 1, 0, 30.19045
C:\Users\ImanG\Desktop\Ali\Courses\selfdriving\behavioral cloning\data\IMG\center_2019_05_29_18_45_55_347.jpg, C:\Users\ImanG\Desktop\Ali\Courses\selfdriving\behavioral cloning\data\IMG\left_2019_05_29_18_45_55_347.jpg, C:\Users\ImanG\Desktop\Ali\Courses\selfdriving\behavioral cloning\data\IMG\right_2019_05_29_18_45_55_347.jpg, 0, 1, 0, 30.19045
C:\Users\ImanG\Desktop\Ali\Courses\selfdriving\behavioral cloning\data\IMG\center_2019_05_29_18_45_55_460.jpg, C:\Users\ImanG\Desktop\Ali\Courses\selfdriving\behavioral cloning\data\IMG\left_2019_05_29_18_45_55_460.jpg, C:\Users\ImanG\Desktop\Ali\Courses\selfdriving\behavioral cloning\data\IMG\right_2019_05_29_18_45_55_460.jpg, 0, 1, 0, 30.19046
C:\Users\ImanG\Desktop\Ali\Courses\selfdriving\behavioral cloning\data\IMG\center_2019_05_29_18_45_55_572.jpg, C:\Users\ImanG\Desktop\Ali\Courses\selfdriving\behavioral cloning\data\IMG\left_2019_05_29_18_45_55_572.jpg, C:\Users\ImanG\Desktop\Ali\Courses\selfdriving\behavioral cloning\data\IMG\right_2019_05_29_18_45_55_572.jpg, 0, 1, 0, 30.19043
C:\Users\ImanG\Desktop\Ali\Courses\selfdriving\behavioral cloning\data\IMG\center_2019_05_29_18_45_55_690.jpg, C:\Users\ImanG\Desktop\Ali\Courses\selfdriving\behavioral cloning\data\IMG\left_2019_05_29_18_45_55_690.jpg, C:\Users\ImanG\Desktop\Ali\Courses\selfdriving\behavioral cloning\data\IMG\right_2019_05_29_18_45_55_690.jpg, 0, 1, 0, 30.19092
C:\Users\ImanG\Desktop\Ali\Courses\selfdriving\behavioral cloning\data\IMG\center_2019_05_29_18_45_55_829.jpg, C:\Users\ImanG\Desktop\Ali\Courses\selfdriving\behavioral cloning\data\IMG\left_2019_05_29_18_45_55_829.jpg, C:\Users\ImanG\Desktop\Ali\Courses\selfdriving\behavioral cloning\data\IMG\right_2019_05_29_18_45_55_829.jpg, 0, 1, 0, 30.19063
C:\Users\ImanG\Desktop\Ali\Courses\selfdriving\behavioral cloning\data\IMG\center_2019_05_29_18_45_55_937.jpg, C:\Users\ImanG\Desktop\Ali\Courses\selfdriving\behavioral cloning\data\IMG\left_2019_05_29_18_45_55_937.jpg, C:\Users\ImanG\Desktop\Ali\Courses\selfdriving\behavioral cloning\data\IMG\right_2019_05_29_18_45_55_937.jpg, -0.3341865, 1, 0, 30.16616
C:\Users\ImanG\Desktop\Ali\Courses\selfdriving\behavioral cloning\data\IMG\center_2019_05_29_18_45_56_042.jpg, C:\Users\ImanG\Desktop\Ali\Courses\selfdriving\behavioral cloning\data\IMG\left_2019_05_29_18_45_56_042.jpg, C:\Users\ImanG\Desktop\Ali\Courses\selfdriving\behavioral cloning\data\IMG\right_2019_05_29_18_45_56_042.jpg, -0.066576, 1, 0, 30.19082
C:\Users\ImanG\Desktop\Ali\Courses\selfdriving\behavioral cloning\data\IMG\center_2019_05_29_18_45_56_145.jpg, C:\Users\ImanG\Desktop\Ali\Courses\selfdriving\behavioral cloning\data\IMG\left_2019_05_29_18_45_56_145.jpg, C:\Users\ImanG\Desktop\Ali\Courses\selfdriving\behavioral cloning\data\IMG\right_2019_05_29_18_45_56_145.jpg, 0, 1, 0, 30.18989
C:\Users\ImanG\Desktop\Ali\Courses\selfdriving\behavioral cloning\data\IMG\center_2019_05_29_18_45_56_246.jpg, C:\Users\ImanG\Desktop\Ali\Courses\selfdriving\behavioral cloning\data\IMG\left_2019_05_29_18_45_56_246.jpg, C:\Users\ImanG\Desktop\Ali\Courses\selfdriving\behavioral cloning\data\IMG\right_2019_05_29_18_45_56_246.jpg, 0, 1, 0, 30.19044
C:\Users\ImanG\Desktop\Ali\Courses\selfdriving\behavioral cloning\data\IMG\center_2019_05_29_18_45_56_357.jpg, C:\Users\ImanG\Desktop\Ali\Courses\selfdriving\behavioral cloning\data\IMG\left_2019_05_29_18_45_56_357.jpg, C:\Users\ImanG\Desktop\Ali\Courses\selfdriving\behavioral cloning\data\IMG\right_2019_05_29_18_45_56_357.jpg, 0, 1, 0, 30.19071
C:\Users\ImanG\Desktop\Ali\Courses\selfdriving\behavioral cloning\data\IMG\center_2019_05_29_18_45_56_471.jpg, C:\Users\ImanG\Desktop\Ali\Courses\selfdriving\behavioral cloning\data\IMG\left_2019_05_29_18_45_56_471.jpg, C:\Users\ImanG\Desktop\Ali\Courses\selfdriving\behavioral cloning\data\IMG\right_2019_05_29_18_45_56_471.jpg, 0, 1, 0, 30.19027
C:\Users\ImanG\Desktop\Ali\Courses\selfdriving\behavioral cloning\data\IMG\center_2019_05_29_18_45_56_577.jpg, C:\Users\ImanG\Desktop\Ali\Courses\selfdriving\behavioral cloning\data\IMG\left_2019_05_29_18_45_56_577.jpg, C:\Users\ImanG\Desktop\Ali\Courses\selfdriving\behavioral cloning\data\IMG\right_2019_05_29_18_45_56_577.jpg, 0, 1, 0, 30.19031
C:\Users\ImanG\Desktop\Ali\Courses\selfdriving\behavioral cloning\data\IMG\center_2019_05_29_18_45_56_682.jpg, C:\Users\ImanG\Desktop\Ali\Courses\selfdriving\behavioral cloning\data\IMG\left_2019_05_29_18_45_56_682.jpg, C:\Users\ImanG\Desktop\Ali\Courses\selfdriving\behavioral cloning\data\IMG\right_2019_05_29_18_45_56_682.jpg, -0.2117016, 1, 0, 30.18237
C:\Users\ImanG\Desktop\Ali\Courses\selfdriving\behavioral cloning\data\IMG\center_2019_05_29_18_45_56_830.jpg, C:\Users\ImanG\Desktop\Ali\Courses\selfdriving\behavioral cloning\data\IMG\left_2019_05_29_18_45_56_830.jpg, C:\Users\ImanG\Desktop\Ali\Courses\selfdriving\behavioral cloning\data\IMG\right_2019_05_29_18_45_56_830.jpg, 0, 1, 0, 30.19019
C:\Users\ImanG\Desktop\Ali\Courses\selfdriving\behavioral cloning\data\IMG\center_2019_05_29_18_45_56_939.jpg, C:\Users\ImanG\Desktop\Ali\Courses\selfdriving\behavioral cloning\data\IMG\left_2019_05_29_18_45_56_939.jpg, C:\Users\ImanG\Desktop\Ali\Courses\selfdriving\behavioral cloning\data\IMG\right_2019_05_29_18_45_56_939.jpg, 0, 1, 0, 30.19029
C:\Users\ImanG\Desktop\Ali\Courses\selfdriving\behavioral cloning\data\IMG\center_2019_05_29_18_45_57_047.jpg, C:\Users\ImanG\Desktop\Ali\Courses\selfdriving\behavioral cloning\data\IMG\left_2019_05_29_18_45_57_047.jpg, C:\Users\ImanG\Desktop\Ali\Courses\selfdriving\behavioral cloning\data\IMG\right_2019_05_29_18_45_57_047.jpg, 0, 1, 0, 30.19031
C:\Users\ImanG\Desktop\Ali\Courses\selfdriving\behavioral cloning\data\IMG\center_2019_05_29_18_45_57_157.jpg, C:\Users\ImanG\Desktop\Ali\Courses\selfdriving\behavioral cloning\data\IMG\left_2019_05_29_18_45_57_157.jpg, C:\Users\ImanG\Desktop\Ali\Courses\selfdriving\behavioral cloning\data\IMG\right_2019_05_29_18_45_57_157.jpg, 0, 1, 0, 30.19027
C:\Users\ImanG\Desktop\Ali\Courses\selfdriving\behavioral cloning\data\IMG\center_2019_05_29_18_45_57_267.jpg, C:\Users\ImanG\Desktop\Ali\Courses\selfdriving\behavioral cloning\data\IMG\left_2019_05_29_18_45_57_267.jpg, C:\Users\ImanG\Desktop\Ali\Courses\selfdriving\behavioral cloning\data\IMG\right_2019_05_29_18_45_57_267.jpg, 0, 1, 0, 30.19029
C:\Users\ImanG\Desktop\Ali\Courses\selfdriving\behavioral cloning\data\IMG\center_2019_05_29_18_45_57_371.jpg, C:\Users\ImanG\Desktop\Ali\Courses\selfdriving\behavioral cloning\data\IMG\left_2019_05_29_18_45_57_371.jpg, C:\Users\ImanG\Desktop\Ali\Courses\selfdriving\behavioral cloning\data\IMG\right_2019_05_29_18_45_57_371.jpg, -0.3041457, 1, 0, 30.17355
C:\Users\ImanG\Desktop\Ali\Courses\selfdriving\behavioral cloning\data\IMG\center_2019_05_29_18_45_57_474.jpg, C:\Users\ImanG\Desktop\Ali\Courses\selfdriving\behavioral cloning\data\IMG\left_2019_05_29_18_45_57_474.jpg, C:\Users\ImanG\Desktop\Ali\Courses\selfdriving\behavioral cloning\data\IMG\right_2019_05_29_18_45_57_474.jpg, 0, 1, 0, 30.1895
C:\Users\ImanG\Desktop\Ali\Courses\selfdriving\behavioral cloning\data\IMG\center_2019_05_29_18_45_57_585.jpg, C:\Users\ImanG\Desktop\Ali\Courses\selfdriving\behavioral cloning\data\IMG\left_2019_05_29_18_45_57_585.jpg, C:\Users\ImanG\Desktop\Ali\Courses\selfdriving\behavioral cloning\data\IMG\right_2019_05_29_18_45_57_585.jpg, 0, 1, 0, 30.19023
C:\Users\ImanG\Desktop\Ali\Courses\selfdriving\behavioral cloning\data\IMG\center_2019_05_29_18_45_57_694.jpg, C:\Users\ImanG\Desktop\Ali\Courses\selfdriving\behavioral cloning\data\IMG\left_2019_05_29_18_45_57_694.jpg, C:\Users\ImanG\Desktop\Ali\Courses\selfdriving\behavioral cloning\data\IMG\right_2019_05_29_18_45_57_694.jpg, 0, 1, 0, 30.1903
C:\Users\ImanG\Desktop\Ali\Courses\selfdriving\behavioral cloning\data\IMG\center_2019_05_29_18_45_57_805.jpg, C:\Users\ImanG\Desktop\Ali\Courses\selfdriving\behavioral cloning\data\IMG\left_2019_05_29_18_45_57_805.jpg, C:\Users\ImanG\Desktop\Ali\Courses\selfdriving\behavioral cloning\data\IMG\right_2019_05_29_18_45_57_805.jpg, 0, 1, 0, 30.1903
C:\Users\ImanG\Desktop\Ali\Courses\selfdriving\behavioral cloning\data\IMG\center_2019_05_29_18_45_57_907.jpg, C:\Users\ImanG\Desktop\Ali\Courses\selfdriving\behavioral cloning\data\IMG\left_2019_05_29_18_45_57_907.jpg, C:\Users\ImanG\Desktop\Ali\Courses\selfdriving\behavioral cloning\data\IMG\right_2019_05_29_18_45_57_907.jpg, 0, 1, 0, 30.19029
C:\Users\ImanG\Desktop\Ali\Courses\selfdriving\behavioral cloning\data\IMG\center_2019_05_29_18_45_58_017.jpg, C:\Users\ImanG\Desktop\Ali\Courses\selfdriving\behavioral cloning\data\IMG\left_2019_05_29_18_45_58_017.jpg, C:\Users\ImanG\Desktop\Ali\Courses\selfdriving\behavioral cloning\data\IMG\right_2019_05_29_18_45_58_017.jpg, -0.09995279, 1, 0, 30.18958
C:\Users\ImanG\Desktop\Ali\Courses\selfdriving\behavioral cloning\data\IMG\center_2019_05_29_18_45_58_126.jpg, C:\Users\ImanG\Desktop\Ali\Courses\selfdriving\behavioral cloning\data\IMG\left_2019_05_29_18_45_58_126.jpg, C:\Users\ImanG\Desktop\Ali\Courses\selfdriving\behavioral cloning\data\IMG\right_2019_05_29_18_45_58_126.jpg, 0, 1, 0, 30.19008
C:\Users\ImanG\Desktop\Ali\Courses\selfdriving\behavioral cloning\data\IMG\center_2019_05_29_18_45_58_237.jpg, C:\Users\ImanG\Desktop\Ali\Courses\selfdriving\behavioral cloning\data\IMG\left_2019_05_29_18_45_58_237.jpg, C:\Users\ImanG\Desktop\Ali\Courses\selfdriving\behavioral cloning\data\IMG\right_2019_05_29_18_45_58_237.jpg, 0, 1, 0, 30.19027
C:\Users\ImanG\Desktop\Ali\Courses\selfdriving\behavioral cloning\data\IMG\center_2019_05_29_18_45_58_345.jpg, C:\Users\ImanG\Desktop\Ali\Courses\selfdriving\behavioral cloning\data\IMG\left_2019_05_29_18_45_58_345.jpg, C:\Users\ImanG\Desktop\Ali\Courses\selfdriving\behavioral cloning\data\IMG\right_2019_05_29_18_45_58_345.jpg, 0, 1, 0, 30.19032
C:\Users\ImanG\Desktop\Ali\Courses\selfdriving\behavioral cloning\data\IMG\center_2019_05_29_18_45_58_452.jpg, C:\Users\ImanG\Desktop\Ali\Courses\selfdriving\behavioral cloning\data\IMG\left_2019_05_29_18_45_58_452.jpg, C:\Users\ImanG\Desktop\Ali\Courses\selfdriving\behavioral cloning\data\IMG\right_2019_05_29_18_45_58_452.jpg, 0, 1, 0, 30.1903
C:\Users\ImanG\Desktop\Ali\Courses\selfdriving\behavioral cloning\data\IMG\center_2019_05_29_18_45_58_566.jpg, C:\Users\ImanG\Desktop\Ali\Courses\selfdriving\behavioral cloning\data\IMG\left_2019_05_29_18_45_58_566.jpg, C:\Users\ImanG\Desktop\Ali\Courses\selfdriving\behavioral cloning\data\IMG\right_2019_05_29_18_45_58_566.jpg, 0, 1, 0, 30.19031
C:\Users\ImanG\Desktop\Ali\Courses\selfdriving\behavioral cloning\data\IMG\center_2019_05_29_18_45_58_671.jpg, C:\Users\ImanG\Desktop\Ali\Courses\selfdriving\behavioral cloning\data\IMG\left_2019_05_29_18_45_58_671.jpg, C:\Users\ImanG\Desktop\Ali\Courses\selfdriving\behavioral cloning\data\IMG\right_2019_05_29_18_45_58_671.jpg, 0, 1, 0, 30.1903
C:\Users\ImanG\Desktop\Ali\Courses\selfdriving\behavioral cloning\data\IMG\center_2019_05_29_18_45_58_774.jpg, C:\Users\ImanG\Desktop\Ali\Courses\selfdriving\behavioral cloning\data\IMG\left_2019_05_29_18_45_58_774.jpg, C:\Users\ImanG\Desktop\Ali\Courses\selfdriving\behavioral cloning\data\IMG\right_2019_05_29_18_45_58_774.jpg, 0, 1, 0, 30.1903
C:\Users\ImanG\Desktop\Ali\Courses\selfdriving\behavioral cloning\data\IMG\center_2019_05_29_18_45_58_884.jpg, C:\Users\ImanG\Desktop\Ali\Courses\selfdriving\behavioral cloning\data\IMG\left_2019_05_29_18_45_58_884.jpg, C:\Users\ImanG\Desktop\Ali\Courses\selfdriving\behavioral cloning\data\IMG\right_2019_05_29_18_45_58_884.jpg, 0, 1, 0, 30.19029
C:\Users\ImanG\Desktop\Ali\Courses\selfdriving\behavioral cloning\data\IMG\center_2019_05_29_18_45_58_992.jpg, C:\Users\ImanG\Desktop\Ali\Courses\selfdriving\behavioral cloning\data\IMG\left_2019_05_29_18_45_58_992.jpg, C:\Users\ImanG\Desktop\Ali\Courses\selfdriving\behavioral cloning\data\IMG\right_2019_05_29_18_45_58_992.jpg, 0, 1, 0, 30.1903
C:\Users\ImanG\Desktop\Ali\Courses\selfdriving\behavioral cloning\data\IMG\center_2019_05_29_18_45_59_096.jpg, C:\Users\ImanG\Desktop\Ali\Courses\selfdriving\behavioral cloning\data\IMG\left_2019_05_29_18_45_59_096.jpg, C:\Users\ImanG\Desktop\Ali\Courses\selfdriving\behavioral cloning\data\IMG\right_2019_05_29_18_45_59_096.jpg, 0, 1, 0, 30.19029
C:\Users\ImanG\Desktop\Ali\Courses\selfdriving\behavioral cloning\data\IMG\center_2019_05_29_18_45_59_207.jpg, C:\Users\ImanG\Desktop\Ali\Courses\selfdriving\behavioral cloning\data\IMG\left_2019_05_29_18_45_59_207.jpg, C:\Users\ImanG\Desktop\Ali\Courses\selfdriving\behavioral cloning\data\IMG\right_2019_05_29_18_45_59_207.jpg, 0, 1, 0, 30.1903
C:\Users\ImanG\Desktop\Ali\Courses\selfdriving\behavioral cloning\data\IMG\center_2019_05_29_18_45_59_313.jpg, C:\Users\ImanG\Desktop\Ali\Courses\selfdriving\behavioral cloning\data\IMG\left_2019_05_29_18_45_59_313.jpg, C:\Users\ImanG\Desktop\Ali\Courses\selfdriving\behavioral cloning\data\IMG\right_2019_05_29_18_45_59_313.jpg, -0.3200304, 1, 0, 30.17022
C:\Users\ImanG\Desktop\Ali\Courses\selfdriving\behavioral cloning\data\IMG\center_2019_05_29_18_45_59_416.jpg, C:\Users\ImanG\Desktop\Ali\Courses\selfdriving\behavioral cloning\data\IMG\left_2019_05_29_18_45_59_416.jpg, C:\Users\ImanG\Desktop\Ali\Courses\selfdriving\behavioral cloning\data\IMG\right_2019_05_29_18_45_59_416.jpg, -0.01427576, 1, 0, 30.19007
C:\Users\ImanG\Desktop\Ali\Courses\selfdriving\behavioral cloning\data\IMG\center_2019_05_29_18_45_59_523.jpg, C:\Users\ImanG\Desktop\Ali\Courses\selfdriving\behavioral cloning\data\IMG\left_2019_05_29_18_45_59_523.jpg, C:\Users\ImanG\Desktop\Ali\Courses\selfdriving\behavioral cloning\data\IMG\right_2019_05_29_18_45_59_523.jpg, 0, 1, 0, 30.19012
C:\Users\ImanG\Desktop\Ali\Courses\selfdriving\behavioral cloning\data\IMG\center_2019_05_29_18_45_59_631.jpg, C:\Users\ImanG\Desktop\Ali\Courses\selfdriving\behavioral cloning\data\IMG\left_2019_05_29_18_45_59_631.jpg, C:\Users\ImanG\Desktop\Ali\Courses\selfdriving\behavioral cloning\data\IMG\right_2019_05_29_18_45_59_631.jpg, 0, 1, 0, 30.1902
C:\Users\ImanG\Desktop\Ali\Courses\selfdriving\behavioral cloning\data\IMG\center_2019_05_29_18_45_59_743.jpg, C:\Users\ImanG\Desktop\Ali\Courses\selfdriving\behavioral cloning\data\IMG\left_2019_05_29_18_45_59_743.jpg, C:\Users\ImanG\Desktop\Ali\Courses\selfdriving\behavioral cloning\data\IMG\right_2019_05_29_18_45_59_743.jpg, 0, 1, 0, 30.1903
C:\Users\ImanG\Desktop\Ali\Courses\selfdriving\behavioral cloning\data\IMG\center_2019_05_29_18_45_59_955.jpg, C:\Users\ImanG\Desktop\Ali\Courses\selfdriving\behavioral cloning\data\IMG\left_2019_05_29_18_45_59_955.jpg, C:\Users\ImanG\Desktop\Ali\Courses\selfdriving\behavioral cloning\data\IMG\right_2019_05_29_18_45_59_955.jpg, 0, 1, 0, 30.19031
C:\Users\ImanG\Desktop\Ali\Courses\selfdriving\behavioral cloning\data\IMG\center_2019_05_29_18_46_00_053.jpg, C:\Users\ImanG\Desktop\Ali\Courses\selfdriving\behavioral cloning\data\IMG\left_2019_05_29_18_46_00_053.jpg, C:\Users\ImanG\Desktop\Ali\Courses\selfdriving\behavioral cloning\data\IMG\right_2019_05_29_18_46_00_053.jpg, 0, 1, 0, 30.1903
C:\Users\ImanG\Desktop\Ali\Courses\selfdriving\behavioral cloning\data\IMG\center_2019_05_29_18_46_00_160.jpg, C:\Users\ImanG\Desktop\Ali\Courses\selfdriving\behavioral cloning\data\IMG\left_2019_05_29_18_46_00_160.jpg, C:\Users\ImanG\Desktop\Ali\Courses\selfdriving\behavioral cloning\data\IMG\right_2019_05_29_18_46_00_160.jpg, 0, 1, 0, 30.19029
C:\Users\ImanG\Desktop\Ali\Courses\selfdriving\behavioral cloning\data\IMG\center_2019_05_29_18_46_00_263.jpg, C:\Users\ImanG\Desktop\Ali\Courses\selfdriving\behavioral cloning\data\IMG\left_2019_05_29_18_46_00_263.jpg, C:\Users\ImanG\Desktop\Ali\Courses\selfdriving\behavioral cloning\data\IMG\right_2019_05_29_18_46_00_263.jpg, 0, 1, 0, 30.19029
C:\Users\ImanG\Desktop\Ali\Courses\selfdriving\behavioral cloning\data\IMG\center_2019_05_29_18_46_00_375.jpg, C:\Users\ImanG\Desktop\Ali\Courses\selfdriving\behavioral cloning\data\IMG\left_2019_05_29_18_46_00_375.jpg, C:\Users\ImanG\Desktop\Ali\Courses\selfdriving\behavioral cloning\data\IMG\right_2019_05_29_18_46_00_375.jpg, 0, 1, 0, 30.19031
C:\Users\ImanG\Desktop\Ali\Courses\selfdriving\behavioral cloning\data\IMG\center_2019_05_29_18_46_00_480.jpg, C:\Users\ImanG\Desktop\Ali\Courses\selfdriving\behavioral cloning\data\IMG\left_2019_05_29_18_46_00_480.jpg, C:\Users\ImanG\Desktop\Ali\Courses\selfdriving\behavioral cloning\data\IMG\right_2019_05_29_18_46_00_480.jpg, 0, 1, 0, 30.1903
C:\Users\ImanG\Desktop\Ali\Courses\selfdriving\behavioral cloning\data\IMG\center_2019_05_29_18_46_00_603.jpg, C:\Users\ImanG\Desktop\Ali\Courses\selfdriving\behavioral cloning\data\IMG\left_2019_05_29_18_46_00_603.jpg, C:\Users\ImanG\Desktop\Ali\Courses\selfdriving\behavioral cloning\data\IMG\right_2019_05_29_18_46_00_603.jpg, 0, 1, 0, 30.19031
C:\Users\ImanG\Desktop\Ali\Courses\selfdriving\behavioral cloning\data\IMG\center_2019_05_29_18_46_00_705.jpg, C:\Users\ImanG\Desktop\Ali\Courses\selfdriving\behavioral cloning\data\IMG\left_2019_05_29_18_46_00_705.jpg, C:\Users\ImanG\Desktop\Ali\Courses\selfdriving\behavioral cloning\data\IMG\right_2019_05_29_18_46_00_705.jpg, 0, 1, 0, 30.1903
C:\Users\ImanG\Desktop\Ali\Courses\selfdriving\behavioral cloning\data\IMG\center_2019_05_29_18_46_00_816.jpg, C:\Users\ImanG\Desktop\Ali\Courses\selfdriving\behavioral cloning\data\IMG\left_2019_05_29_18_46_00_816.jpg, C:\Users\ImanG\Desktop\Ali\Courses\selfdriving\behavioral cloning\data\IMG\right_2019_05_29_18_46_00_816.jpg, 0, 1, 0, 30.19028
C:\Users\ImanG\Desktop\Ali\Courses\selfdriving\behavioral cloning\data\IMG\center_2019_05_29_18_46_00_920.jpg, C:\Users\ImanG\Desktop\Ali\Courses\selfdriving\behavioral cloning\data\IMG\left_2019_05_29_18_46_00_920.jpg, C:\Users\ImanG\Desktop\Ali\Courses\selfdriving\behavioral cloning\data\IMG\right_2019_05_29_18_46_00_920.jpg, 0, 1, 0, 30.19029
C:\Users\ImanG\Desktop\Ali\Courses\selfdriving\behavioral cloning\data\IMG\center_2019_05_29_18_46_01_024.jpg, C:\Users\ImanG\Desktop\Ali\Courses\selfdriving\behavioral cloning\data\IMG\left_2019_05_29_18_46_01_024.jpg, C:\Users\ImanG\Desktop\Ali\Courses\selfdriving\behavioral cloning\data\IMG\right_2019_05_29_18_46_01_024.jpg, 0, 1, 0, 30.1903
C:\Users\ImanG\Desktop\Ali\Courses\selfdriving\behavioral cloning\data\IMG\center_2019_05_29_18_46_01_129.jpg, C:\Users\ImanG\Desktop\Ali\Courses\selfdriving\behavioral cloning\data\IMG\left_2019_05_29_18_46_01_129.jpg, C:\Users\ImanG\Desktop\Ali\Courses\selfdriving\behavioral cloning\data\IMG\right_2019_05_29_18_46_01_129.jpg, -0.3149445, 1, 0, 30.17335
C:\Users\ImanG\Desktop\Ali\Courses\selfdriving\behavioral cloning\data\IMG\center_2019_05_29_18_46_01_237.jpg, C:\Users\ImanG\Desktop\Ali\Courses\selfdriving\behavioral cloning\data\IMG\left_2019_05_29_18_46_01_237.jpg, C:\Users\ImanG\Desktop\Ali\Courses\selfdriving\behavioral cloning\data\IMG\right_2019_05_29_18_46_01_237.jpg, -0.0222393, 1, 0, 30.19024
C:\Users\ImanG\Desktop\Ali\Courses\selfdriving\behavioral cloning\data\IMG\center_2019_05_29_18_46_01_380.jpg, C:\Users\ImanG\Desktop\Ali\Courses\selfdriving\behavioral cloning\data\IMG\left_2019_05_29_18_46_01_380.jpg, C:\Users\ImanG\Desktop\Ali\Courses\selfdriving\behavioral cloning\data\IMG\right_2019_05_29_18_46_01_380.jpg, 0, 1, 0, 30.19018
C:\Users\ImanG\Desktop\Ali\Courses\selfdriving\behavioral cloning\data\IMG\center_2019_05_29_18_46_01_485.jpg, C:\Users\ImanG\Desktop\Ali\Courses\selfdriving\behavioral cloning\data\IMG\left_2019_05_29_18_46_01_485.jpg, C:\Users\ImanG\Desktop\Ali\Courses\selfdriving\behavioral cloning\data\IMG\right_2019_05_29_18_46_01_485.jpg, 0, 1, 0, 30.1903
C:\Users\ImanG\Desktop\Ali\Courses\selfdriving\behavioral cloning\data\IMG\center_2019_05_29_18_46_01_598.jpg, C:\Users\ImanG\Desktop\Ali\Courses\selfdriving\behavioral cloning\data\IMG\left_2019_05_29_18_46_01_598.jpg, C:\Users\ImanG\Desktop\Ali\Courses\selfdriving\behavioral cloning\data\IMG\right_2019_05_29_18_46_01_598.jpg, 0, 1, 0, 30.19031
C:\Users\ImanG\Desktop\Ali\Courses\selfdriving\behavioral cloning\data\IMG\center_2019_05_29_18_46_01_709.jpg, C:\Users\ImanG\Desktop\Ali\Courses\selfdriving\behavioral cloning\data\IMG\left_2019_05_29_18_46_01_709.jpg, C:\Users\ImanG\Desktop\Ali\Courses\selfdriving\behavioral cloning\data\IMG\right_2019_05_29_18_46_01_709.jpg, 0, 1, 0, 30.19029
C:\Users\ImanG\Desktop\Ali\Courses\selfdriving\behavioral cloning\data\IMG\center_2019_05_29_18_46_01_816.jpg, C:\Users\ImanG\Desktop\Ali\Courses\selfdriving\behavioral cloning\data\IMG\left_2019_05_29_18_46_01_816.jpg, C:\Users\ImanG\Desktop\Ali\Courses\selfdriving\behavioral cloning\data\IMG\right_2019_05_29_18_46_01_816.jpg, 0, 1, 0, 30.1903
C:\Users\ImanG\Desktop\Ali\Courses\selfdriving\behavioral cloning\data\IMG\center_2019_05_29_18_46_01_929.jpg, C:\Users\ImanG\Desktop\Ali\Courses\selfdriving\behavioral cloning\data\IMG\left_2019_05_29_18_46_01_929.jpg, C:\Users\ImanG\Desktop\Ali\Courses\selfdriving\behavioral cloning\data\IMG\right_2019_05_29_18_46_01_929.jpg, 0, 1, 0, 30.19029
C:\Users\ImanG\Desktop\Ali\Courses\selfdriving\behavioral cloning\data\IMG\center_2019_05_29_18_46_02_032.jpg, C:\Users\ImanG\Desktop\Ali\Courses\selfdriving\behavioral cloning\data\IMG\left_2019_05_29_18_46_02_032.jpg, C:\Users\ImanG\Desktop\Ali\Courses\selfdriving\behavioral cloning\data\IMG\right_2019_05_29_18_46_02_032.jpg, 0, 1, 0, 30.1903
C:\Users\ImanG\Desktop\Ali\Courses\selfdriving\behavioral cloning\data\IMG\center_2019_05_29_18_46_02_136.jpg, C:\Users\ImanG\Desktop\Ali\Courses\selfdriving\behavioral cloning\data\IMG\left_2019_05_29_18_46_02_136.jpg, C:\Users\ImanG\Desktop\Ali\Courses\selfdriving\behavioral cloning\data\IMG\right_2019_05_29_18_46_02_136.jpg, 0, 1, 0, 30.1903
C:\Users\ImanG\Desktop\Ali\Courses\selfdriving\behavioral cloning\data\IMG\center_2019_05_29_18_46_02_251.jpg, C:\Users\ImanG\Desktop\Ali\Courses\selfdriving\behavioral cloning\data\IMG\left_2019_05_29_18_46_02_251.jpg, C:\Users\ImanG\Desktop\Ali\Courses\selfdriving\behavioral cloning\data\IMG\right_2019_05_29_18_46_02_251.jpg, 0, 1, 0, 30.1903
C:\Users\ImanG\Desktop\Ali\Courses\selfdriving\behavioral cloning\data\IMG\center_2019_05_29_18_46_02_350.jpg, C:\Users\ImanG\Desktop\Ali\Courses\selfdriving\behavioral cloning\data\IMG\left_2019_05_29_18_46_02_350.jpg, C:\Users\ImanG\Desktop\Ali\Courses\selfdriving\behavioral cloning\data\IMG\right_2019_05_29_18_46_02_350.jpg, 0, 1, 0, 30.1903
C:\Users\ImanG\Desktop\Ali\Courses\selfdriving\behavioral cloning\data\IMG\center_2019_05_29_18_46_02_466.jpg, C:\Users\ImanG\Desktop\Ali\Courses\selfdriving\behavioral cloning\data\IMG\left_2019_05_29_18_46_02_466.jpg, C:\Users\ImanG\Desktop\Ali\Courses\selfdriving\behavioral cloning\data\IMG\right_2019_05_29_18_46_02_466.jpg, 0, 1, 0, 30.19031
C:\Users\ImanG\Desktop\Ali\Courses\selfdriving\behavioral cloning\data\IMG\center_2019_05_29_18_46_02_568.jpg, C:\Users\ImanG\Desktop\Ali\Courses\selfdriving\behavioral cloning\data\IMG\left_2019_05_29_18_46_02_568.jpg, C:\Users\ImanG\Desktop\Ali\Courses\selfdriving\behavioral cloning\data\IMG\right_2019_05_29_18_46_02_568.jpg, 0, 1, 0, 30.19028
C:\Users\ImanG\Desktop\Ali\Courses\selfdriving\behavioral cloning\data\IMG\center_2019_05_29_18_46_02_677.jpg, C:\Users\ImanG\Desktop\Ali\Courses\selfdriving\behavioral cloning\data\IMG\left_2019_05_29_18_46_02_677.jpg, C:\Users\ImanG\Desktop\Ali\Courses\selfdriving\behavioral cloning\data\IMG\right_2019_05_29_18_46_02_677.jpg, 0, 1, 0, 30.19028
C:\Users\ImanG\Desktop\Ali\Courses\selfdriving\behavioral cloning\data\IMG\center_2019_05_29_18_46_02_786.jpg, C:\Users\ImanG\Desktop\Ali\Courses\selfdriving\behavioral cloning\data\IMG\left_2019_05_29_18_46_02_786.jpg, C:\Users\ImanG\Desktop\Ali\Courses\selfdriving\behavioral cloning\data\IMG\right_2019_05_29_18_46_02_786.jpg, 0, 1, 0, 30.19031
C:\Users\ImanG\Desktop\Ali\Courses\selfdriving\behavioral cloning\data\IMG\center_2019_05_29_18_46_02_888.jpg, C:\Users\ImanG\Desktop\Ali\Courses\selfdriving\behavioral cloning\data\IMG\left_2019_05_29_18_46_02_888.jpg, C:\Users\ImanG\Desktop\Ali\Courses\selfdriving\behavioral cloning\data\IMG\right_2019_05_29_18_46_02_888.jpg, 0, 1, 0, 30.19028
C:\Users\ImanG\Desktop\Ali\Courses\selfdriving\behavioral cloning\data\IMG\center_2019_05_29_18_46_02_989.jpg, C:\Users\ImanG\Desktop\Ali\Courses\selfdriving\behavioral cloning\data\IMG\left_2019_05_29_18_46_02_989.jpg, C:\Users\ImanG\Desktop\Ali\Courses\selfdriving\behavioral cloning\data\IMG\right_2019_05_29_18_46_02_989.jpg, 0, 1, 0, 30.19031
C:\Users\ImanG\Desktop\Ali\Courses\selfdriving\behavioral cloning\data\IMG\center_2019_05_29_18_46_03_096.jpg, C:\Users\ImanG\Desktop\Ali\Courses\selfdriving\behavioral cloning\data\IMG\left_2019_05_29_18_46_03_096.jpg, C:\Users\ImanG\Desktop\Ali\Courses\selfdriving\behavioral cloning\data\IMG\right_2019_05_29_18_46_03_096.jpg, 0, 1, 0, 30.19032
C:\Users\ImanG\Desktop\Ali\Courses\selfdriving\behavioral cloning\data\IMG\center_2019_05_29_18_46_03_208.jpg, C:\Users\ImanG\Desktop\Ali\Courses\selfdriving\behavioral cloning\data\IMG\left_2019_05_29_18_46_03_208.jpg, C:\Users\ImanG\Desktop\Ali\Courses\selfdriving\behavioral cloning\data\IMG\right_2019_05_29_18_46_03_208.jpg, 0, 1, 0, 30.1903
C:\Users\ImanG\Desktop\Ali\Courses\selfdriving\behavioral cloning\data\IMG\center_2019_05_29_18_46_03_312.jpg, C:\Users\ImanG\Desktop\Ali\Courses\selfdriving\behavioral cloning\data\IMG\left_2019_05_29_18_46_03_312.jpg, C:\Users\ImanG\Desktop\Ali\Courses\selfdriving\behavioral cloning\data\IMG\right_2019_05_29_18_46_03_312.jpg, 0, 1, 0, 30.19029
C:\Users\ImanG\Desktop\Ali\Courses\selfdriving\behavioral cloning\data\IMG\center_2019_05_29_18_46_03_418.jpg, C:\Users\ImanG\Desktop\Ali\Courses\selfdriving\behavioral cloning\data\IMG\left_2019_05_29_18_46_03_418.jpg, C:\Users\ImanG\Desktop\Ali\Courses\selfdriving\behavioral cloning\data\IMG\right_2019_05_29_18_46_03_418.jpg, 0, 1, 0, 30.1903
C:\Users\ImanG\Desktop\Ali\Courses\selfdriving\behavioral cloning\data\IMG\center_2019_05_29_18_46_03_525.jpg, C:\Users\ImanG\Desktop\Ali\Courses\selfdriving\behavioral cloning\data\IMG\left_2019_05_29_18_46_03_525.jpg, C:\Users\ImanG\Desktop\Ali\Courses\selfdriving\behavioral cloning\data\IMG\right_2019_05_29_18_46_03_525.jpg, 0, 1, 0, 30.19027
C:\Users\ImanG\Desktop\Ali\Courses\selfdriving\behavioral cloning\data\IMG\center_2019_05_29_18_46_03_635.jpg, C:\Users\ImanG\Desktop\Ali\Courses\selfdriving\behavioral cloning\data\IMG\left_2019_05_29_18_46_03_635.jpg, C:\Users\ImanG\Desktop\Ali\Courses\selfdriving\behavioral cloning\data\IMG\right_2019_05_29_18_46_03_635.jpg, 0, 1, 0, 30.19029
C:\Users\ImanG\Desktop\Ali\Courses\selfdriving\behavioral cloning\data\IMG\center_2019_05_29_18_46_03_763.jpg, C:\Users\ImanG\Desktop\Ali\Courses\selfdriving\behavioral cloning\data\IMG\left_2019_05_29_18_46_03_763.jpg, C:\Users\ImanG\Desktop\Ali\Courses\selfdriving\behavioral cloning\data\IMG\right_2019_05_29_18_46_03_763.jpg, 0, 1, 0, 30.19029
C:\Users\ImanG\Desktop\Ali\Courses\selfdriving\behavioral cloning\data\IMG\center_2019_05_29_18_46_03_871.jpg, C:\Users\ImanG\Desktop\Ali\Courses\selfdriving\behavioral cloning\data\IMG\left_2019_05_29_18_46_03_871.jpg, C:\Users\ImanG\Desktop\Ali\Courses\selfdriving\behavioral cloning\data\IMG\right_2019_05_29_18_46_03_871.jpg, 0, 1, 0, 30.19031
C:\Users\ImanG\Desktop\Ali\Courses\selfdriving\behavioral cloning\data\IMG\center_2019_05_29_18_46_03_989.jpg, C:\Users\ImanG\Desktop\Ali\Courses\selfdriving\behavioral cloning\data\IMG\left_2019_05_29_18_46_03_989.jpg, C:\Users\ImanG\Desktop\Ali\Courses\selfdriving\behavioral cloning\data\IMG\right_2019_05_29_18_46_03_989.jpg, 0, 1, 0, 30.19029
C:\Users\ImanG\Desktop\Ali\Courses\selfdriving\behavioral cloning\data\IMG\center_2019_05_29_18_46_04_092.jpg, C:\Users\ImanG\Desktop\Ali\Courses\selfdriving\behavioral cloning\data\IMG\left_2019_05_29_18_46_04_092.jpg, C:\Users\ImanG\Desktop\Ali\Courses\selfdriving\behavioral cloning\data\IMG\right_2019_05_29_18_46_04_092.jpg, -0.2185245, 1, 0, 30.18222
C:\Users\ImanG\Desktop\Ali\Courses\selfdriving\behavioral cloning\data\IMG\center_2019_05_29_18_46_04_745.jpg, C:\Users\ImanG\Desktop\Ali\Courses\selfdriving\behavioral cloning\data\IMG\left_2019_05_29_18_46_04_745.jpg, C:\Users\ImanG\Desktop\Ali\Courses\selfdriving\behavioral cloning\data\IMG\right_2019_05_29_18_46_04_745.jpg, 0, 1, 0, 30.19029
C:\Users\ImanG\Desktop\Ali\Courses\selfdriving\behavioral cloning\data\IMG\center_2019_05_29_18_46_04_850.jpg, C:\Users\ImanG\Desktop\Ali\Courses\selfdriving\behavioral cloning\data\IMG\left_2019_05_29_18_46_04_850.jpg, C:\Users\ImanG\Desktop\Ali\Courses\selfdriving\behavioral cloning\data\IMG\right_2019_05_29_18_46_04_850.jpg, 0, 1, 0, 30.19029
C:\Users\ImanG\Desktop\Ali\Courses\selfdriving\behavioral cloning\data\IMG\center_2019_05_29_18_46_05_038.jpg, C:\Users\ImanG\Desktop\Ali\Courses\selfdriving\behavioral cloning\data\IMG\left_2019_05_29_18_46_05_038.jpg, C:\Users\ImanG\Desktop\Ali\Courses\selfdriving\behavioral cloning\data\IMG\right_2019_05_29_18_46_05_038.jpg, 0, 1, 0, 30.19031
C:\Users\ImanG\Desktop\Ali\Courses\selfdriving\behavioral cloning\data\IMG\center_2019_05_29_18_46_05_136.jpg, C:\Users\ImanG\Desktop\Ali\Courses\selfdriving\behavioral cloning\data\IMG\left_2019_05_29_18_46_05_136.jpg, C:\Users\ImanG\Desktop\Ali\Courses\selfdriving\behavioral cloning\data\IMG\right_2019_05_29_18_46_05_136.jpg, 0, 1, 0, 30.19028
C:\Users\ImanG\Desktop\Ali\Courses\selfdriving\behavioral cloning\data\IMG\center_2019_05_29_18_46_05_249.jpg, C:\Users\ImanG\Desktop\Ali\Courses\selfdriving\behavioral cloning\data\IMG\left_2019_05_29_18_46_05_249.jpg, C:\Users\ImanG\Desktop\Ali\Courses\selfdriving\behavioral cloning\data\IMG\right_2019_05_29_18_46_05_249.jpg, 0, 1, 0, 30.19031
C:\Users\ImanG\Desktop\Ali\Courses\selfdriving\behavioral cloning\data\IMG\center_2019_05_29_18_46_05_357.jpg, C:\Users\ImanG\Desktop\Ali\Courses\selfdriving\behavioral cloning\data\IMG\left_2019_05_29_18_46_05_357.jpg, C:\Users\ImanG\Desktop\Ali\Courses\selfdriving\behavioral cloning\data\IMG\right_2019_05_29_18_46_05_357.jpg, 0, 1, 0, 30.19029
C:\Users\ImanG\Desktop\Ali\Courses\selfdriving\behavioral cloning\data\IMG\center_2019_05_29_18_46_05_457.jpg, C:\Users\ImanG\Desktop\Ali\Courses\selfdriving\behavioral cloning\data\IMG\left_2019_05_29_18_46_05_457.jpg, C:\Users\ImanG\Desktop\Ali\Courses\selfdriving\behavioral cloning\data\IMG\right_2019_05_29_18_46_05_457.jpg, 0, 1, 0, 30.19029
C:\Users\ImanG\Desktop\Ali\Courses\selfdriving\behavioral cloning\data\IMG\center_2019_05_29_18_46_05_571.jpg, C:\Users\ImanG\Desktop\Ali\Courses\selfdriving\behavioral cloning\data\IMG\left_2019_05_29_18_46_05_571.jpg, C:\Users\ImanG\Desktop\Ali\Courses\selfdriving\behavioral cloning\data\IMG\right_2019_05_29_18_46_05_571.jpg, 0, 1, 0, 30.1903
C:\Users\ImanG\Desktop\Ali\Courses\selfdriving\behavioral cloning\data\IMG\center_2019_05_29_18_46_05_677.jpg, C:\Users\ImanG\Desktop\Ali\Courses\selfdriving\behavioral cloning\data\IMG\left_2019_05_29_18_46_05_677.jpg, C:\Users\ImanG\Desktop\Ali\Courses\selfdriving\behavioral cloning\data\IMG\right_2019_05_29_18_46_05_677.jpg, -0.2711337, 1, 0, 30.17709
C:\Users\ImanG\Desktop\Ali\Courses\selfdriving\behavioral cloning\data\IMG\center_2019_05_29_18_46_05_789.jpg, C:\Users\ImanG\Desktop\Ali\Courses\selfdriving\behavioral cloning\data\IMG\left_2019_05_29_18_46_05_789.jpg, C:\Users\ImanG\Desktop\Ali\Courses\selfdriving\behavioral cloning\data\IMG\right_2019_05_29_18_46_05_789.jpg, 0, 1, 0, 30.18951
C:\Users\ImanG\Desktop\Ali\Courses\selfdriving\behavioral cloning\data\IMG\center_2019_05_29_18_46_05_896.jpg, C:\Users\ImanG\Desktop\Ali\Courses\selfdriving\behavioral cloning\data\IMG\left_2019_05_29_18_46_05_896.jpg, C:\Users\ImanG\Desktop\Ali\Courses\selfdriving\behavioral cloning\data\IMG\right_2019_05_29_18_46_05_896.jpg, 0, 1, 0, 30.19009
C:\Users\ImanG\Desktop\Ali\Courses\selfdriving\behavioral cloning\data\IMG\center_2019_05_29_18_46_05_998.jpg, C:\Users\ImanG\Desktop\Ali\Courses\selfdriving\behavioral cloning\data\IMG\left_2019_05_29_18_46_05_998.jpg, C:\Users\ImanG\Desktop\Ali\Courses\selfdriving\behavioral cloning\data\IMG\right_2019_05_29_18_46_05_998.jpg, 0, 1, 0, 30.1903
C:\Users\ImanG\Desktop\Ali\Courses\selfdriving\behavioral cloning\data\IMG\center_2019_05_29_18_46_06_106.jpg, C:\Users\ImanG\Desktop\Ali\Courses\selfdriving\behavioral cloning\data\IMG\left_2019_05_29_18_46_06_106.jpg, C:\Users\ImanG\Desktop\Ali\Courses\selfdriving\behavioral cloning\data\IMG\right_2019_05_29_18_46_06_106.jpg, 0, 1, 0, 30.19029
C:\Users\ImanG\Desktop\Ali\Courses\selfdriving\behavioral cloning\data\IMG\center_2019_05_29_18_46_06_209.jpg, C:\Users\ImanG\Desktop\Ali\Courses\selfdriving\behavioral cloning\data\IMG\left_2019_05_29_18_46_06_209.jpg, C:\Users\ImanG\Desktop\Ali\Courses\selfdriving\behavioral cloning\data\IMG\right_2019_05_29_18_46_06_209.jpg, 0, 1, 0, 30.1903
C:\Users\ImanG\Desktop\Ali\Courses\selfdriving\behavioral cloning\data\IMG\center_2019_05_29_18_46_06_317.jpg, C:\Users\ImanG\Desktop\Ali\Courses\selfdriving\behavioral cloning\data\IMG\left_2019_05_29_18_46_06_317.jpg, C:\Users\ImanG\Desktop\Ali\Courses\selfdriving\behavioral cloning\data\IMG\right_2019_05_29_18_46_06_317.jpg, 0, 1, 0, 30.19047
C:\Users\ImanG\Desktop\Ali\Courses\selfdriving\behavioral cloning\data\IMG\center_2019_05_29_18_46_06_419.jpg, C:\Users\ImanG\Desktop\Ali\Courses\selfdriving\behavioral cloning\data\IMG\left_2019_05_29_18_46_06_419.jpg, C:\Users\ImanG\Desktop\Ali\Courses\selfdriving\behavioral cloning\data\IMG\right_2019_05_29_18_46_06_419.jpg, 0, 1, 0, 30.19016
C:\Users\ImanG\Desktop\Ali\Courses\selfdriving\behavioral cloning\data\IMG\center_2019_05_29_18_46_06_520.jpg, C:\Users\ImanG\Desktop\Ali\Courses\selfdriving\behavioral cloning\data\IMG\left_2019_05_29_18_46_06_520.jpg, C:\Users\ImanG\Desktop\Ali\Courses\selfdriving\behavioral cloning\data\IMG\right_2019_05_29_18_46_06_520.jpg, 0, 1, 0, 30.19042
C:\Users\ImanG\Desktop\Ali\Courses\selfdriving\behavioral cloning\data\IMG\center_2019_05_29_18_46_06_634.jpg, C:\Users\ImanG\Desktop\Ali\Courses\selfdriving\behavioral cloning\data\IMG\left_2019_05_29_18_46_06_634.jpg, C:\Users\ImanG\Desktop\Ali\Courses\selfdriving\behavioral cloning\data\IMG\right_2019_05_29_18_46_06_634.jpg, 0.3423072, 1, 0, 30.16787
C:\Users\ImanG\Desktop\Ali\Courses\selfdriving\behavioral cloning\data\IMG\center_2019_05_29_18_46_06_754.jpg, C:\Users\ImanG\Desktop\Ali\Courses\selfdriving\behavioral cloning\data\IMG\left_2019_05_29_18_46_06_754.jpg, C:\Users\ImanG\Desktop\Ali\Courses\selfdriving\behavioral cloning\data\IMG\right_2019_05_29_18_46_06_754.jpg, 0, 1, 0, 30.18993
C:\Users\ImanG\Desktop\Ali\Courses\selfdriving\behavioral cloning\data\IMG\center_2019_05_29_18_46_06_865.jpg, C:\Users\ImanG\Desktop\Ali\Courses\selfdriving\behavioral cloning\data\IMG\left_2019_05_29_18_46_06_865.jpg, C:\Users\ImanG\Desktop\Ali\Courses\selfdriving\behavioral cloning\data\IMG\right_2019_05_29_18_46_06_865.jpg, 0, 1, 0, 30.19058
C:\Users\ImanG\Desktop\Ali\Courses\selfdriving\behavioral cloning\data\IMG\center_2019_05_29_18_46_07_936.jpg, C:\Users\ImanG\Desktop\Ali\Courses\selfdriving\behavioral cloning\data\IMG\left_2019_05_29_18_46_07_936.jpg, C:\Users\ImanG\Desktop\Ali\Courses\selfdriving\behavioral cloning\data\IMG\right_2019_05_29_18_46_07_936.jpg, -1, 1, 0, 30.09127
C:\Users\ImanG\Desktop\Ali\Courses\selfdriving\behavioral cloning\data\IMG\center_2019_05_29_18_46_08_047.jpg, C:\Users\ImanG\Desktop\Ali\Courses\selfdriving\behavioral cloning\data\IMG\left_2019_05_29_18_46_08_047.jpg, C:\Users\ImanG\Desktop\Ali\Courses\selfdriving\behavioral cloning\data\IMG\right_2019_05_29_18_46_08_047.jpg, -0.6502987, 1, 0, 30.18818
C:\Users\ImanG\Desktop\Ali\Courses\selfdriving\behavioral cloning\data\IMG\center_2019_05_29_18_46_08_155.jpg, C:\Users\ImanG\Desktop\Ali\Courses\selfdriving\behavioral cloning\data\IMG\left_2019_05_29_18_46_08_155.jpg, C:\Users\ImanG\Desktop\Ali\Courses\selfdriving\behavioral cloning\data\IMG\right_2019_05_29_18_46_08_155.jpg, -0.326365, 1, 0, 30.18886
C:\Users\ImanG\Desktop\Ali\Courses\selfdriving\behavioral cloning\data\IMG\center_2019_05_29_18_46_08_264.jpg, C:\Users\ImanG\Desktop\Ali\Courses\selfdriving\behavioral cloning\data\IMG\left_2019_05_29_18_46_08_264.jpg, C:\Users\ImanG\Desktop\Ali\Courses\selfdriving\behavioral cloning\data\IMG\right_2019_05_29_18_46_08_264.jpg, 0, 1, 0, 30.28213
C:\Users\ImanG\Desktop\Ali\Courses\selfdriving\behavioral cloning\data\IMG\center_2019_05_29_18_46_08_366.jpg, C:\Users\ImanG\Desktop\Ali\Courses\selfdriving\behavioral cloning\data\IMG\left_2019_05_29_18_46_08_366.jpg, C:\Users\ImanG\Desktop\Ali\Courses\selfdriving\behavioral cloning\data\IMG\right_2019_05_29_18_46_08_366.jpg, 0, 1, 0, 29.81443
C:\Users\ImanG\Desktop\Ali\Courses\selfdriving\behavioral cloning\data\IMG\center_2019_05_29_18_46_08_467.jpg, C:\Users\ImanG\Desktop\Ali\Courses\selfdriving\behavioral cloning\data\IMG\left_2019_05_29_18_46_08_467.jpg, C:\Users\ImanG\Desktop\Ali\Courses\selfdriving\behavioral cloning\data\IMG\right_2019_05_29_18_46_08_467.jpg, 0, 1, 0, 30.09219
C:\Users\ImanG\Desktop\Ali\Courses\selfdriving\behavioral cloning\data\IMG\center_2019_05_29_18_46_08_580.jpg, C:\Users\ImanG\Desktop\Ali\Courses\selfdriving\behavioral cloning\data\IMG\left_2019_05_29_18_46_08_580.jpg, C:\Users\ImanG\Desktop\Ali\Courses\selfdriving\behavioral cloning\data\IMG\right_2019_05_29_18_46_08_580.jpg, 0, 1, 0, 29.34473
C:\Users\ImanG\Desktop\Ali\Courses\selfdriving\behavioral cloning\data\IMG\center_2019_05_29_18_46_08_686.jpg, C:\Users\ImanG\Desktop\Ali\Courses\selfdriving\behavioral cloning\data\IMG\left_2019_05_29_18_46_08_686.jpg, C:\Users\ImanG\Desktop\Ali\Courses\selfdriving\behavioral cloning\data\IMG\right_2019_05_29_18_46_08_686.jpg, 0.0438756, 1, 0, 29.04749
C:\Users\ImanG\Desktop\Ali\Courses\selfdriving\behavioral cloning\data\IMG\center_2019_05_29_18_46_09_861.jpg, C:\Users\ImanG\Desktop\Ali\Courses\selfdriving\behavioral cloning\data\IMG\left_2019_05_29_18_46_09_861.jpg, C:\Users\ImanG\Desktop\Ali\Courses\selfdriving\behavioral cloning\data\IMG\right_2019_05_29_18_46_09_861.jpg, 1, 1, 0, 28.14293
C:\Users\ImanG\Desktop\Ali\Courses\selfdriving\behavioral cloning\data\IMG\center_2019_05_29_18_46_09_957.jpg, C:\Users\ImanG\Desktop\Ali\Courses\selfdriving\behavioral cloning\data\IMG\left_2019_05_29_18_46_09_957.jpg, C:\Users\ImanG\Desktop\Ali\Courses\selfdriving\behavioral cloning\data\IMG\right_2019_05_29_18_46_09_957.jpg, 1, 1, 0, 28.26464
C:\Users\ImanG\Desktop\Ali\Courses\selfdriving\behavioral cloning\data\IMG\center_2019_05_29_18_46_10_070.jpg, C:\Users\ImanG\Desktop\Ali\Courses\selfdriving\behavioral cloning\data\IMG\left_2019_05_29_18_46_10_070.jpg, C:\Users\ImanG\Desktop\Ali\Courses\selfdriving\behavioral cloning\data\IMG\right_2019_05_29_18_46_10_070.jpg, 1, 1, 0, 29.29618
C:\Users\ImanG\Desktop\Ali\Courses\selfdriving\behavioral cloning\data\IMG\center_2019_05_29_18_46_10_408.jpg, C:\Users\ImanG\Desktop\Ali\Courses\selfdriving\behavioral cloning\data\IMG\left_2019_05_29_18_46_10_408.jpg, C:\Users\ImanG\Desktop\Ali\Courses\selfdriving\behavioral cloning\data\IMG\right_2019_05_29_18_46_10_408.jpg, 1, 1, 0, 29.89425
C:\Users\ImanG\Desktop\Ali\Courses\selfdriving\behavioral cloning\data\IMG\center_2019_05_29_18_46_10_529.jpg, C:\Users\ImanG\Desktop\Ali\Courses\selfdriving\behavioral cloning\data\IMG\left_2019_05_29_18_46_10_529.jpg, C:\Users\ImanG\Desktop\Ali\Courses\selfdriving\behavioral cloning\data\IMG\right_2019_05_29_18_46_10_529.jpg, 1, 1, 0, 29.36679
C:\Users\ImanG\Desktop\Ali\Courses\selfdriving\behavioral cloning\data\IMG\center_2019_05_29_18_46_10_628.jpg, C:\Users\ImanG\Desktop\Ali\Courses\selfdriving\behavioral cloning\data\IMG\left_2019_05_29_18_46_10_628.jpg, C:\Users\ImanG\Desktop\Ali\Courses\selfdriving\behavioral cloning\data\IMG\right_2019_05_29_18_46_10_628.jpg, 1, 1, 0, 29.12876
C:\Users\ImanG\Desktop\Ali\Courses\selfdriving\behavioral cloning\data\IMG\center_2019_05_29_18_46_10_737.jpg, C:\Users\ImanG\Desktop\Ali\Courses\selfdriving\behavioral cloning\data\IMG\left_2019_05_29_18_46_10_737.jpg, C:\Users\ImanG\Desktop\Ali\Courses\selfdriving\behavioral cloning\data\IMG\right_2019_05_29_18_46_10_737.jpg, 1, 1, 0, 29.51085
C:\Users\ImanG\Desktop\Ali\Courses\selfdriving\behavioral cloning\data\IMG\center_2019_05_29_18_46_10_840.jpg, C:\Users\ImanG\Desktop\Ali\Courses\selfdriving\behavioral cloning\data\IMG\left_2019_05_29_18_46_10_840.jpg, C:\Users\ImanG\Desktop\Ali\Courses\selfdriving\behavioral cloning\data\IMG\right_2019_05_29_18_46_10_840.jpg, 0.6875942, 1, 0, 11.6838
C:\Users\ImanG\Desktop\Ali\Courses\selfdriving\behavioral cloning\data\IMG\center_2019_05_29_18_46_10_950.jpg, C:\Users\ImanG\Desktop\Ali\Courses\selfdriving\behavioral cloning\data\IMG\left_2019_05_29_18_46_10_950.jpg, C:\Users\ImanG\Desktop\Ali\Courses\selfdriving\behavioral cloning\data\IMG\right_2019_05_29_18_46_10_950.jpg, 0.3529465, 1, 0, 9.341616
C:\Users\ImanG\Desktop\Ali\Courses\selfdriving\behavioral cloning\data\IMG\center_2019_05_29_18_46_11_060.jpg, C:\Users\ImanG\Desktop\Ali\Courses\selfdriving\behavioral cloning\data\IMG\left_2019_05_29_18_46_11_060.jpg, C:\Users\ImanG\Desktop\Ali\Courses\selfdriving\behavioral cloning\data\IMG\right_2019_05_29_18_46_11_060.jpg, 0.02253611, 1, 0, 8.10796
C:\Users\ImanG\Desktop\Ali\Courses\selfdriving\behavioral cloning\data\IMG\center_2019_05_29_18_46_12_069.jpg, C:\Users\ImanG\Desktop\Ali\Courses\selfdriving\behavioral cloning\data\IMG\left_2019_05_29_18_46_12_069.jpg, C:\Users\ImanG\Desktop\Ali\Courses\selfdriving\behavioral cloning\data\IMG\right_2019_05_29_18_46_12_069.jpg, 0, 0, 0, 3.080054
C:\Users\ImanG\Desktop\Ali\Courses\selfdriving\behavioral cloning\data\IMG\center_2019_05_29_18_46_12_826.jpg, C:\Users\ImanG\Desktop\Ali\Courses\selfdriving\behavioral cloning\data\IMG\left_2019_05_29_18_46_12_826.jpg, C:\Users\ImanG\Desktop\Ali\Courses\selfdriving\behavioral cloning\data\IMG\right_2019_05_29_18_46_12_826.jpg, 0, 0, 1, 0.03671077
C:\Users\ImanG\Desktop\Ali\Courses\selfdriving\behavioral cloning\data\IMG\center_2019_05_29_18_46_12_922.jpg, C:\Users\ImanG\Desktop\Ali\Courses\selfdriving\behavioral cloning\data\IMG\left_2019_05_29_18_46_12_922.jpg, C:\Users\ImanG\Desktop\Ali\Courses\selfdriving\behavioral cloning\data\IMG\right_2019_05_29_18_46_12_922.jpg, 0, 0, 1, 0.03213828
C:\Users\ImanG\Desktop\Ali\Courses\selfdriving\behavioral cloning\data\IMG\center_2019_05_29_18_46_13_031.jpg, C:\Users\ImanG\Desktop\Ali\Courses\selfdriving\behavioral cloning\data\IMG\left_2019_05_29_18_46_13_031.jpg, C:\Users\ImanG\Desktop\Ali\Courses\selfdriving\behavioral cloning\data\IMG\right_2019_05_29_18_46_13_031.jpg, 0, 0, 1, 0.02445201
C:\Users\ImanG\Desktop\Ali\Courses\selfdriving\behavioral cloning\data\IMG\center_2019_05_29_18_46_13_142.jpg, C:\Users\ImanG\Desktop\Ali\Courses\selfdriving\behavioral cloning\data\IMG\left_2019_05_29_18_46_13_142.jpg, C:\Users\ImanG\Desktop\Ali\Courses\selfdriving\behavioral cloning\data\IMG\right_2019_05_29_18_46_13_142.jpg, 0, 0, 1, 0.01263553
C:\Users\ImanG\Desktop\Ali\Courses\selfdriving\behavioral cloning\data\IMG\center_2019_05_29_18_46_13_254.jpg, C:\Users\ImanG\Desktop\Ali\Courses\selfdriving\behavioral cloning\data\IMG\left_2019_05_29_18_46_13_254.jpg, C:\Users\ImanG\Desktop\Ali\Courses\selfdriving\behavioral cloning\data\IMG\right_2019_05_29_18_46_13_254.jpg, 0, 0, 0.672649, 0.004071495
C:\Users\ImanG\Desktop\Ali\Courses\selfdriving\behavioral cloning\data\IMG\center_2019_05_29_18_46_13_355.jpg, C:\Users\ImanG\Desktop\Ali\Courses\selfdriving\behavioral cloning\data\IMG\left_2019_05_29_18_46_13_355.jpg, C:\Users\ImanG\Desktop\Ali\Courses\selfdriving\behavioral cloning\data\IMG\right_2019_05_29_18_46_13_355.jpg, 0, 0, 0.3893329, 0.005307367
C:\Users\ImanG\Desktop\Ali\Courses\selfdriving\behavioral cloning\data\IMG\center_2019_05_29_18_46_13_463.jpg, C:\Users\ImanG\Desktop\Ali\Courses\selfdriving\behavioral cloning\data\IMG\left_2019_05_29_18_46_13_463.jpg, C:\Users\ImanG\Desktop\Ali\Courses\selfdriving\behavioral cloning\data\IMG\right_2019_05_29_18_46_13_463.jpg, 0, 0, 0.03146317, 0.01412562
C:\Users\ImanG\Desktop\Ali\Courses\selfdriving\behavioral cloning\data\IMG\center_2019_05_29_18_46_13_574.jpg, C:\Users\ImanG\Desktop\Ali\Courses\selfdriving\behavioral cloning\data\IMG\left_2019_05_29_18_46_13_574.jpg, C:\Users\ImanG\Desktop\Ali\Courses\selfdriving\behavioral cloning\data\IMG\right_2019_05_29_18_46_13_574.jpg, 0, 0, 0, 0.02022263
C:\Users\ImanG\Desktop\Ali\Courses\selfdriving\behavioral cloning\data\IMG\center_2019_05_29_18_46_13_691.jpg, C:\Users\ImanG\Desktop\Ali\Courses\selfdriving\behavioral cloning\data\IMG\left_2019_05_29_18_46_13_691.jpg, C:\Users\ImanG\Desktop\Ali\Courses\selfdriving\behavioral cloning\data\IMG\right_2019_05_29_18_46_13_691.jpg, 0, 0, 0, 0.02620028
C:\Users\ImanG\Desktop\Ali\Courses\selfdriving\behavioral cloning\data\IMG\center_2019_05_29_18_46_13_798.jpg, C:\Users\ImanG\Desktop\Ali\Courses\selfdriving\behavioral cloning\data\IMG\left_2019_05_29_18_46_13_798.jpg, C:\Users\ImanG\Desktop\Ali\Courses\selfdriving\behavioral cloning\data\IMG\right_2019_05_29_18_46_13_798.jpg, 0, 0, 0, 0.03007586
C:\Users\ImanG\Desktop\Ali\Courses\selfdriving\behavioral cloning\data\IMG\center_2019_05_29_18_46_13_908.jpg, C:\Users\ImanG\Desktop\Ali\Courses\selfdriving\behavioral cloning\data\IMG\left_2019_05_29_18_46_13_908.jpg, C:\Users\ImanG\Desktop\Ali\Courses\selfdriving\behavioral cloning\data\IMG\right_2019_05_29_18_46_13_908.jpg, 0, 0, 0.3244479, 0.03303169
C:\Users\ImanG\Desktop\Ali\Courses\selfdriving\behavioral cloning\data\IMG\center_2019_05_29_18_46_14_012.jpg, C:\Users\ImanG\Desktop\Ali\Courses\selfdriving\behavioral cloning\data\IMG\left_2019_05_29_18_46_14_012.jpg, C:\Users\ImanG\Desktop\Ali\Courses\selfdriving\behavioral cloning\data\IMG\right_2019_05_29_18_46_14_012.jpg, 0, 0, 0.6042444, 0.03350044
C:\Users\ImanG\Desktop\Ali\Courses\selfdriving\behavioral cloning\data\IMG\center_2019_05_29_18_46_14_124.jpg, C:\Users\ImanG\Desktop\Ali\Courses\selfdriving\behavioral cloning\data\IMG\left_2019_05_29_18_46_14_124.jpg, C:\Users\ImanG\Desktop\Ali\Courses\selfdriving\behavioral cloning\data\IMG\right_2019_05_29_18_46_14_124.jpg, 0, 0, 0.9633808, 0.03233233
C:\Users\ImanG\Desktop\Ali\Courses\selfdriving\behavioral cloning\data\IMG\center_2019_05_29_18_46_14_226.jpg, C:\Users\ImanG\Desktop\Ali\Courses\selfdriving\behavioral cloning\data\IMG\left_2019_05_29_18_46_14_226.jpg, C:\Users\ImanG\Desktop\Ali\Courses\selfdriving\behavioral cloning\data\IMG\right_2019_05_29_18_46_14_226.jpg, 0, 0, 1, 0.03189985
C:\Users\ImanG\Desktop\Ali\Courses\selfdriving\behavioral cloning\data\IMG\center_2019_05_29_18_46_14_331.jpg, C:\Users\ImanG\Desktop\Ali\Courses\selfdriving\behavioral cloning\data\IMG\left_2019_05_29_18_46_14_331.jpg, C:\Users\ImanG\Desktop\Ali\Courses\selfdriving\behavioral cloning\data\IMG\right_2019_05_29_18_46_14_331.jpg, 0, 0, 1, 0.0122598
C:\Users\ImanG\Desktop\Ali\Courses\selfdriving\behavioral cloning\data\IMG\center_2019_05_29_18_46_14_439.jpg, C:\Users\ImanG\Desktop\Ali\Courses\selfdriving\behavioral cloning\data\IMG\left_2019_05_29_18_46_14_439.jpg, C:\Users\ImanG\Desktop\Ali\Courses\selfdriving\behavioral cloning\data\IMG\right_2019_05_29_18_46_14_439.jpg, 0, 0, 1, 0.01374314
C:\Users\ImanG\Desktop\Ali\Courses\selfdriving\behavioral cloning\data\IMG\center_2019_05_29_18_46_14_547.jpg, C:\Users\ImanG\Desktop\Ali\Courses\selfdriving\behavioral cloning\data\IMG\left_2019_05_29_18_46_14_547.jpg, C:\Users\ImanG\Desktop\Ali\Courses\selfdriving\behavioral cloning\data\IMG\right_2019_05_29_18_46_14_547.jpg, 0, 0, 1, 0.01399418
C:\Users\ImanG\Desktop\Ali\Courses\selfdriving\behavioral cloning\data\IMG\center_2019_05_29_18_46_14_654.jpg, C:\Users\ImanG\Desktop\Ali\Courses\selfdriving\behavioral cloning\data\IMG\left_2019_05_29_18_46_14_654.jpg, C:\Users\ImanG\Desktop\Ali\Courses\selfdriving\behavioral cloning\data\IMG\right_2019_05_29_18_46_14_654.jpg, 0, 0, 1, 0.01350124
C:\Users\ImanG\Desktop\Ali\Courses\selfdriving\behavioral cloning\data\IMG\center_2019_05_29_18_46_14_766.jpg, C:\Users\ImanG\Desktop\Ali\Courses\selfdriving\behavioral cloning\data\IMG\left_2019_05_29_18_46_14_766.jpg, C:\Users\ImanG\Desktop\Ali\Courses\selfdriving\behavioral cloning\data\IMG\right_2019_05_29_18_46_14_766.jpg, 0, 0, 1, 0.01304313
C:\Users\ImanG\Desktop\Ali\Courses\selfdriving\behavioral cloning\data\IMG\center_2019_05_29_18_46_14_870.jpg, C:\Users\ImanG\Desktop\Ali\Courses\selfdriving\behavioral cloning\data\IMG\left_2019_05_29_18_46_14_870.jpg, C:\Users\ImanG\Desktop\Ali\Courses\selfdriving\behavioral cloning\data\IMG\right_2019_05_29_18_46_14_870.jpg, 0, 0, 1, 0.0115793
C:\Users\ImanG\Desktop\Ali\Courses\selfdriving\behavioral cloning\data\IMG\center_2019_05_29_18_46_14_974.jpg, C:\Users\ImanG\Desktop\Ali\Courses\selfdriving\behavioral cloning\data\IMG\left_2019_05_29_18_46_14_974.jpg, C:\Users\ImanG\Desktop\Ali\Courses\selfdriving\behavioral cloning\data\IMG\right_2019_05_29_18_46_14_974.jpg, 0, 0, 1, 0.01013214
C:\Users\ImanG\Desktop\Ali\Courses\selfdriving\behavioral cloning\data\IMG\center_2019_05_29_18_46_15_083.jpg, C:\Users\ImanG\Desktop\Ali\Courses\selfdriving\behavioral cloning\data\IMG\left_2019_05_29_18_46_15_083.jpg, C:\Users\ImanG\Desktop\Ali\Courses\selfdriving\behavioral cloning\data\IMG\right_2019_05_29_18_46_15_083.jpg, 0, 0, 1, 0.007956444
C:\Users\ImanG\Desktop\Ali\Courses\selfdriving\behavioral cloning\data\IMG\center_2019_05_29_18_46_15_191.jpg, C:\Users\ImanG\Desktop\Ali\Courses\selfdriving\behavioral cloning\data\IMG\left_2019_05_29_18_46_15_191.jpg, C:\Users\ImanG\Desktop\Ali\Courses\selfdriving\behavioral cloning\data\IMG\right_2019_05_29_18_46_15_191.jpg, 0, 0, 0.6849307, 0.004774615
